Label,Name,R,G,B
0,Unknown,0,0,0
1,Left-Cerebral-Exterior,70,130,180
2,Left-Cerebral-White-Matter,245,245,245
3,Left-Cerebral-Cortex,205,62,78
4,Left-Lateral-Ventricle,120,18,134
5,Left-Inf-Lat-Vent,196,58,250
6,Left-Cerebellum-Exterior,0,148,0
7,Left-Cerebellum-White-Matter,220,248,164
8,Left-Cerebellum-Cortex,230,148,34
9,Left-Thalamus-unused,0,118,14
10,Left-Thalamus,0,118,14
11,Left-Caudate,122,186,220
12,Left-Putamen,236,13,176
13,Left-Pallidum,12,48,255
14,3rd-Ventricle,204,182,142
15,4th-Ventricle,42,204,164
16,Brain-Stem,119,159,176
17,Left-Hippocampus,220,216,20
18,Left-Amygdala,103,255,255
19,Left-Insula,80,196,98
20,Left-Operculum,60,58,210
21,Line-1,60,58,210
22,Line-2,60,58,210
23,Line-3,60,58,210
24,CSF,60,60,60
25,Left-Lesion,255,165,0
26,Left-Accumbens-area,255,165,0
27,Left-Substancia-Nigra,0,255,127
28,Left-VentralDC,165,42,42
29,Left-undetermined,135,206,235
30,Left-vessel,160,32,240
31,Left-choroid-plexus,0,200,200
32,Left-F3orb,100,50,100
33,Left-lOg,135,50,74
34,Left-aOg,122,135,50
35,Left-mOg,51,50,135
36,Left-pOg,74,155,60
37,Left-Stellate,120,62,43
38,Left-Porg,74,155,60
39,Left-Aorg,122,135,50
40,Right-Cerebral-Exterior,70,130,180
41,Right-Cerebral-White-Matter,245,245,245
42,Right-Cerebral-Cortex,205,62,78
43,Right-Lateral-Ventricle,120,18,134
44,Right-Inf-Lat-Vent,196,58,250
45,Right-Cerebellum-Exterior,0,148,0
46,Right-Cerebellum-White-Matter,220,248,164
47,Right-Cerebellum-Cortex,230,148,34
48,Right-Thalamus-unused,0,118,14
49,Right-Thalamus,0,118,14
50,Right-Caudate,122,186,220
51,Right-Putamen,236,13,176
52,Right-Pallidum,13,48,255
53,Right-Hippocampus,220,216,20
54,Right-Amygdala,103,255,255
55,Right-Insula,80,196,98
56,Right-Operculum,60,58,210
57,Right-Lesion,255,165,0
58,Right-Accumbens-area,255,165,0
59,Right-Substancia-Nigra,0,255,127
60,Right-VentralDC,165,42,42
61,Right-undetermined,135,206,235
62,Right-vessel,160,32,240
63,Right-choroid-plexus,0,200,221
64,Right-F3orb,100,50,100
65,Right-lOg,135,50,74
66,Right-aOg,122,135,50
67,Right-mOg,51,50,135
68,Right-pOg,74,155,60
69,Right-Stellate,120,62,43
70,Right-Porg,74,155,60
71,Right-Aorg,122,135,50
72,5th-Ventricle,120,190,150
73,Left-Interior,122,135,50
74,Right-Interior,122,135,50
77,WM-hypointensities,200,70,255
78,Left-WM-hypointensities,255,148,10
79,Right-WM-hypointensities,255,148,10
80,non-WM-hypointensities,164,108,226
81,Left-non-WM-hypointensities,164,108,226
82,Right-non-WM-hypointensities,164,108,226
83,Left-F1,255,218,185
84,Right-F1,255,218,185
85,Optic-Chiasm,234,169,30
192,Corpus_Callosum,250,255,50
86,Left_future_WMSA,200,120,255
87,Right_future_WMSA,200,121,255
88,future_WMSA,200,122,255
96,Left-Amygdala-Anterior,205,10,125
97,Right-Amygdala-Anterior,205,10,125
98,Dura,160,32,240
100,Left-wm-intensity-abnormality,124,140,178
101,Left-caudate-intensity-abnormality,125,140,178
102,Left-putamen-intensity-abnormality,126,140,178
103,Left-accumbens-intensity-abnormality,127,140,178
104,Left-pallidum-intensity-abnormality,124,141,178
105,Left-amygdala-intensity-abnormality,124,142,178
106,Left-hippocampus-intensity-abnormality,124,143,178
107,Left-thalamus-intensity-abnormality,124,144,178
108,Left-VDC-intensity-abnormality,124,140,179
109,Right-wm-intensity-abnormality,124,140,178
110,Right-caudate-intensity-abnormality,125,140,178
111,Right-putamen-intensity-abnormality,126,140,178
112,Right-accumbens-intensity-abnormality,127,140,178
113,Right-pallidum-intensity-abnormality,124,141,178
114,Right-amygdala-intensity-abnormality,124,142,178
115,Right-hippocampus-intensity-abnormality,124,143,178
116,Right-thalamus-intensity-abnormality,124,144,178
117,Right-VDC-intensity-abnormality,124,140,179
118,Epidermis,255,20,147
119,Conn-Tissue,205,179,139
120,SC-Fat-Muscle,238,238,209
121,Cranium,200,200,200
122,CSF-SA,74,255,74
123,Muscle,238,0,0
124,Ear,0,0,139
125,Adipose,173,255,47
126,Spinal-Cord,133,203,229
127,Soft-Tissue,26,237,57
128,Nerve,34,139,34
129,Bone,30,144,255
130,AirCavity,196,160,128
131,Orbital-Fat,238,59,59
132,Tongue,221,39,200
133,Nasal-Structures,238,174,238
134,Globe,255,0,0
135,Teeth,72,61,139
136,Left-Caudate-Putamen,21,39,132
137,Right-Caudate-Putamen,21,39,132
138,Left-Claustrum,65,135,20
139,Right-Claustrum,65,135,20
140,Cornea,134,4,160
142,Diploe,221,226,68
143,Vitreous-Humor,255,255,254
144,Lens,52,209,226
145,Aqueous-Humor,239,160,223
146,Outer-Table,70,130,180
147,Inner-Table,70,130,181
148,Periosteum,139,121,94
149,Endosteum,224,224,224
150,R-C-S,255,0,0
151,Iris,205,205,0
152,SC-Adipose-Muscle,238,238,209
153,SC-Tissue,139,121,94
154,Orbital-Adipose,238,59,59
155,Left-IntCapsule-Ant,238,59,59
156,Right-IntCapsule-Ant,238,59,59
157,Left-IntCapsule-Pos,62,10,205
158,Right-IntCapsule-Pos,62,10,205
159,Left-Cerebral-WM-unmyelinated,0,118,14
160,Right-Cerebral-WM-unmyelinated,0,118,14
161,Left-Cerebral-WM-myelinated,220,216,21
162,Right-Cerebral-WM-myelinated,220,216,21
163,Left-Subcortical-Gray-Matter,122,186,220
164,Right-Subcortical-Gray-Matter,122,186,220
165,Skull,120,120,120
166,Posterior-fossa,14,48,255
167,Scalp,166,42,42
168,Hematoma,121,18,134
169,Left-Basal-Ganglia,236,13,127
176,Right-Basal-Ganglia,236,13,126
170,brainstem,119,159,176
171,DCG,119,0,176
172,Vermis,119,100,176
173,Midbrain,242,104,76
174,Pons,206,195,58
175,Medulla,119,159,176
177,Vermis-White-Matter,119,50,176
178,SCP,142,182,0
179,Floculus,19,100,176
180,Left-Cortical-Dysplasia,73,61,139
181,Right-Cortical-Dysplasia,73,62,139
182,CblumNodulus,10,100,176
193,Left-hippocampal_fissure,0,196,255
194,Left-CADG-head,255,164,164
195,Left-subiculum,196,196,0
196,Left-fimbria,0,100,255
197,Right-hippocampal_fissure,128,196,164
198,Right-CADG-head,0,126,75
199,Right-subiculum,128,96,64
200,Right-fimbria,0,50,128
201,alveus,255,204,153
202,perforant_pathway,255,128,128
203,parasubiculum,175,175,75
204,presubiculum,64,0,64
205,subiculum,0,0,255
206,CA1,255,0,0
207,CA2,128,128,255
208,CA3,0,128,0
209,CA4,196,160,128
210,GC-DG,32,200,255
211,HATA,128,255,128
212,fimbria,204,153,204
213,lateral_ventricle,121,17,136
214,molecular_layer_HP,128,0,0
215,hippocampal_fissure,128,32,255
216,entorhinal_cortex,255,204,102
217,molecular_layer_subiculum,128,128,128
218,Amygdala,104,255,255
219,Cerebral_White_Matter,0,226,0
220,Cerebral_Cortex,205,63,78
221,Inf_Lat_Vent,197,58,250
222,Perirhinal,33,150,250
223,Cerebral_White_Matter_Edge,226,0,0
224,Background,100,100,100
225,Ectorhinal,197,150,250
226,HP_tail,170,170,255
231,HP_body,0,255,0
232,HP_head,255,0,0
233,presubiculum-head,32,0,32
234,presubiculum-body,64,0,64
235,subiculum-head,0,0,175
236,subiculum-body,0,0,255
237,CA1-head,175,75,75
238,CA1-body,255,0,0
239,CA3-head,0,80,0
240,CA3-body,0,128,0
241,CA4-head,120,90,50
242,CA4-body,196,160,128
243,GC-ML-DG-head,75,125,175
244,GC-ML-DG-body,32,200,255
245,molecular_layer_HP-head,100,25,25
246,molecular_layer_HP-body,128,0,0
250,Fornix,255,0,0
251,CC_Posterior,0,0,64
252,CC_Mid_Posterior,0,0,112
253,CC_Central,0,0,160
254,CC_Mid_Anterior,0,0,208
255,CC_Anterior,0,0,255
256,Voxel-Unchanged,0,0,0
257,CSF-ExtraCerebral,60,60,60
258,Head-ExtraCerebral,150,150,200
259,SkullApprox,120,120,120
260,BoneOrAir,119,159,176
261,PossibleFluid,120,18,134
262,Sinus,196,160,128
263,Left-Eustachian,119,159,176
264,Right-Eustachian,119,159,176
265,Left-Eyeball,60,60,60
266,Right-Eyeball,60,60,60
331,Aorta,255,0,0
332,Left-Common-IliacA,255,80,0
333,Right-Common-IliacA,255,160,0
334,Left-External-IliacA,255,255,0
335,Right-External-IliacA,0,255,0
336,Left-Internal-IliacA,255,0,160
337,Right-Internal-IliacA,255,0,255
338,Left-Lateral-SacralA,255,50,80
339,Right-Lateral-SacralA,80,255,50
340,Left-ObturatorA,160,255,50
341,Right-ObturatorA,160,200,255
342,Left-Internal-PudendalA,0,255,160
343,Right-Internal-PudendalA,0,0,255
344,Left-UmbilicalA,80,50,255
345,Right-UmbilicalA,160,0,255
346,Left-Inf-RectalA,255,210,0
347,Right-Inf-RectalA,0,160,255
348,Left-Common-IliacV,255,200,80
349,Right-Common-IliacV,255,200,160
350,Left-External-IliacV,255,80,200
351,Right-External-IliacV,255,160,200
352,Left-Internal-IliacV,30,255,80
353,Right-Internal-IliacV,80,200,255
354,Left-ObturatorV,80,255,200
355,Right-ObturatorV,195,255,200
356,Left-Internal-PudendalV,120,200,20
357,Right-Internal-PudendalV,170,10,200
358,Pos-Lymph,20,130,180
359,Neg-Lymph,20,180,130
400,V1,206,62,78
401,V2,121,18,134
402,BA44,199,58,250
403,BA45,1,148,0
404,BA4a,221,248,164
405,BA4p,231,148,34
406,BA6,1,118,14
407,BA2,120,118,14
408,BA1_old,123,186,221
409,BAun2,238,13,177
410,BA1,123,186,220
411,BA2b,138,13,206
412,BA3a,238,130,176
413,BA3b,218,230,76
414,MT,38,213,176
415,AIPS_AIP_l,1,225,176
416,AIPS_AIP_r,1,225,176
417,AIPS_VIP_l,200,2,100
418,AIPS_VIP_r,200,2,100
419,IPL_PFcm_l,5,200,90
420,IPL_PFcm_r,5,200,90
421,IPL_PF_l,100,5,200
422,IPL_PFm_l,25,255,100
423,IPL_PFm_r,25,255,100
424,IPL_PFop_l,230,7,100
425,IPL_PFop_r,230,7,100
426,IPL_PF_r,100,5,200
427,IPL_PFt_l,150,10,200
428,IPL_PFt_r,150,10,200
429,IPL_PGa_l,175,10,176
430,IPL_PGa_r,175,10,176
431,IPL_PGp_l,10,100,255
432,IPL_PGp_r,10,100,255
433,Visual_V3d_l,150,45,70
434,Visual_V3d_r,150,45,70
435,Visual_V4_l,45,200,15
436,Visual_V4_r,45,200,15
437,Visual_V5_b,227,45,100
438,Visual_VP_l,227,45,100
439,Visual_VP_r,227,45,100
498,wmsa,143,188,143
499,other_wmsa,255,248,220
500,right_CA2_3,17,85,136
501,right_alveus,119,187,102
502,right_CA1,204,68,34
503,right_fimbria,204,0,255
504,right_presubiculum,221,187,17
505,right_hippocampal_fissure,153,221,238
506,right_CA4_DG,51,17,17
507,right_subiculum,0,119,85
508,right_fornix,20,100,200
550,left_CA2_3,17,85,137
551,left_alveus,119,187,103
552,left_CA1,204,68,35
553,left_fimbria,204,0,254
554,left_presubiculum,221,187,16
555,left_hippocampal_fissure,153,221,239
556,left_CA4_DG,51,17,18
557,left_subiculum,0,119,86
558,left_fornix,20,100,201
600,Tumor,254,254,254
601,Cbm_Left_I_IV,70,130,180
602,Cbm_Right_I_IV,245,245,245
603,Cbm_Left_V,205,62,78
604,Cbm_Right_V,120,18,134
605,Cbm_Left_VI,196,58,250
606,Cbm_Vermis_VI,0,148,0
607,Cbm_Right_VI,220,248,164
608,Cbm_Left_CrusI,230,148,34
609,Cbm_Vermis_CrusI,0,118,14
610,Cbm_Right_CrusI,0,118,14
611,Cbm_Left_CrusII,122,186,220
612,Cbm_Vermis_CrusII,236,13,176
613,Cbm_Right_CrusII,12,48,255
614,Cbm_Left_VIIb,204,182,142
615,Cbm_Vermis_VIIb,42,204,164
616,Cbm_Right_VIIb,119,159,176
617,Cbm_Left_VIIIa,220,216,20
618,Cbm_Vermis_VIIIa,103,255,255
619,Cbm_Right_VIIIa,80,196,98
620,Cbm_Left_VIIIb,60,58,210
621,Cbm_Vermis_VIIIb,60,58,210
622,Cbm_Right_VIIIb,60,58,210
623,Cbm_Left_IX,60,58,210
624,Cbm_Vermis_IX,60,60,60
625,Cbm_Right_IX,255,165,0
626,Cbm_Left_X,255,165,0
627,Cbm_Vermis_X,0,255,127
628,Cbm_Right_X,165,42,42
640,Cbm_Right_I_V_med,204,0,0
641,Cbm_Right_I_V_mid,255,0,0
642,Cbm_Right_VI_med,0,0,255
643,Cbm_Right_VI_mid,30,144,255
644,Cbm_Right_VI_lat,100,212,237
645,Cbm_Right_CrusI_med,218,165,32
646,Cbm_Right_CrusI_mid,255,215,0
647,Cbm_Right_CrusI_lat,255,255,166
648,Cbm_Right_CrusII_med,153,0,204
649,Cbm_Right_CrusII_mid,153,141,209
650,Cbm_Right_CrusII_lat,204,204,255
651,Cbm_Right_7med,31,212,194
652,Cbm_Right_7mid,3,255,237
653,Cbm_Right_7lat,204,255,255
654,Cbm_Right_8med,86,74,147
655,Cbm_Right_8mid,114,114,190
656,Cbm_Right_8lat,184,178,255
657,Cbm_Right_PUNs,126,138,37
658,Cbm_Right_TONs,189,197,117
659,Cbm_Right_FLOs,240,230,140
660,Cbm_Left_I_V_med,204,0,0
661,Cbm_Left_I_V_mid,255,0,0
662,Cbm_Left_VI_med,0,0,255
663,Cbm_Left_VI_mid,30,144,255
664,Cbm_Left_VI_lat,100,212,237
665,Cbm_Left_CrusI_med,218,165,32
666,Cbm_Left_CrusI_mid,255,215,0
667,Cbm_Left_CrusI_lat,255,255,166
668,Cbm_Left_CrusII_med,153,0,204
669,Cbm_Left_CrusII_mid,153,141,209
670,Cbm_Left_CrusII_lat,204,204,255
671,Cbm_Left_7med,31,212,194
672,Cbm_Left_7mid,3,255,237
673,Cbm_Left_7lat,204,255,255
674,Cbm_Left_8med,86,74,147
675,Cbm_Left_8mid,114,114,190
676,Cbm_Left_8lat,184,178,255
677,Cbm_Left_PUNs,126,138,37
678,Cbm_Left_TONs,189,197,117
679,Cbm_Left_FLOs,240,230,140
690,CbmWM_Gyri_Left,122,135,50
691,CbmWM_Gyri_Right,122,135,50
701,CSF-FSL-FAST,120,18,134
702,GrayMatter-FSL-FAST,205,62,78
703,WhiteMatter-FSL-FAST,0,225,0
999,SUSPICIOUS,255,100,100
1000,ctx-lh-unknown,25,5,25
1001,ctx-lh-bankssts,25,100,40
1002,ctx-lh-caudalanteriorcingulate,125,100,160
1003,ctx-lh-caudalmiddlefrontal,100,25,0
1004,ctx-lh-corpuscallosum,120,70,50
1005,ctx-lh-cuneus,220,20,100
1006,ctx-lh-entorhinal,220,20,10
1007,ctx-lh-fusiform,180,220,140
1008,ctx-lh-inferiorparietal,220,60,220
1009,ctx-lh-inferiortemporal,180,40,120
1010,ctx-lh-isthmuscingulate,140,20,140
1011,ctx-lh-lateraloccipital,20,30,140
1012,ctx-lh-lateralorbitofrontal,35,75,50
1013,ctx-lh-lingual,225,140,140
1014,ctx-lh-medialorbitofrontal,200,35,75
1015,ctx-lh-middletemporal,160,100,50
1016,ctx-lh-parahippocampal,20,220,60
1017,ctx-lh-paracentral,60,220,60
1018,ctx-lh-parsopercularis,220,180,140
1019,ctx-lh-parsorbitalis,20,100,50
1020,ctx-lh-parstriangularis,220,60,20
1021,ctx-lh-pericalcarine,120,100,60
1022,ctx-lh-postcentral,220,20,20
1023,ctx-lh-posteriorcingulate,220,180,220
1024,ctx-lh-precentral,60,20,220
1025,ctx-lh-precuneus,160,140,180
1026,ctx-lh-rostralanteriorcingulate,80,20,140
1027,ctx-lh-rostralmiddlefrontal,75,50,125
1028,ctx-lh-superiorfrontal,20,220,160
1029,ctx-lh-superiorparietal,20,180,140
1030,ctx-lh-superiortemporal,140,220,220
1031,ctx-lh-supramarginal,80,160,20
1032,ctx-lh-frontalpole,100,0,100
1033,ctx-lh-temporalpole,70,70,70
1034,ctx-lh-transversetemporal,150,150,200
1035,ctx-lh-insula,255,192,32
2000,ctx-rh-unknown,25,5,25
2001,ctx-rh-bankssts,25,100,40
2002,ctx-rh-caudalanteriorcingulate,125,100,160
2003,ctx-rh-caudalmiddlefrontal,100,25,0
2004,ctx-rh-corpuscallosum,120,70,50
2005,ctx-rh-cuneus,220,20,100
2006,ctx-rh-entorhinal,220,20,10
2007,ctx-rh-fusiform,180,220,140
2008,ctx-rh-inferiorparietal,220,60,220
2009,ctx-rh-inferiortemporal,180,40,120
2010,ctx-rh-isthmuscingulate,140,20,140
2011,ctx-rh-lateraloccipital,20,30,140
2012,ctx-rh-lateralorbitofrontal,35,75,50
2013,ctx-rh-lingual,225,140,140
2014,ctx-rh-medialorbitofrontal,200,35,75
2015,ctx-rh-middletemporal,160,100,50
2016,ctx-rh-parahippocampal,20,220,60
2017,ctx-rh-paracentral,60,220,60
2018,ctx-rh-parsopercularis,220,180,140
2019,ctx-rh-parsorbitalis,20,100,50
2020,ctx-rh-parstriangularis,220,60,20
2021,ctx-rh-pericalcarine,120,100,60
2022,ctx-rh-postcentral,220,20,20
2023,ctx-rh-posteriorcingulate,220,180,220
2024,ctx-rh-precentral,60,20,220
2025,ctx-rh-precuneus,160,140,180
2026,ctx-rh-rostralanteriorcingulate,80,20,140
2027,ctx-rh-rostralmiddlefrontal,75,50,125
2028,ctx-rh-superiorfrontal,20,220,160
2029,ctx-rh-superiorparietal,20,180,140
2030,ctx-rh-superiortemporal,140,220,220
2031,ctx-rh-supramarginal,80,160,20
2032,ctx-rh-frontalpole,100,0,100
2033,ctx-rh-temporalpole,70,70,70
2034,ctx-rh-transversetemporal,150,150,200
2035,ctx-rh-insula,255,192,32
3000,wm-lh-unknown,230,250,230
3001,wm-lh-bankssts,230,155,215
3002,wm-lh-caudalanteriorcingulate,130,155,95
3003,wm-lh-caudalmiddlefrontal,155,230,255
3004,wm-lh-corpuscallosum,135,185,205
3005,wm-lh-cuneus,35,235,155
3006,wm-lh-entorhinal,35,235,245
3007,wm-lh-fusiform,75,35,115
3008,wm-lh-inferiorparietal,35,195,35
3009,wm-lh-inferiortemporal,75,215,135
3010,wm-lh-isthmuscingulate,115,235,115
3011,wm-lh-lateraloccipital,235,225,115
3012,wm-lh-lateralorbitofrontal,220,180,205
3013,wm-lh-lingual,30,115,115
3014,wm-lh-medialorbitofrontal,55,220,180
3015,wm-lh-middletemporal,95,155,205
3016,wm-lh-parahippocampal,235,35,195
3017,wm-lh-paracentral,195,35,195
3018,wm-lh-parsopercularis,35,75,115
3019,wm-lh-parsorbitalis,235,155,205
3020,wm-lh-parstriangularis,35,195,235
3021,wm-lh-pericalcarine,135,155,195
3022,wm-lh-postcentral,35,235,235
3023,wm-lh-posteriorcingulate,35,75,35
3024,wm-lh-precentral,195,235,35
3025,wm-lh-precuneus,95,115,75
3026,wm-lh-rostralanteriorcingulate,175,235,115
3027,wm-lh-rostralmiddlefrontal,180,205,130
3028,wm-lh-superiorfrontal,235,35,95
3029,wm-lh-superiorparietal,235,75,115
3030,wm-lh-superiortemporal,115,35,35
3031,wm-lh-supramarginal,175,95,235
3032,wm-lh-frontalpole,155,255,155
3033,wm-lh-temporalpole,185,185,185
3034,wm-lh-transversetemporal,105,105,55
3035,wm-lh-insula,20,220,160
4000,wm-rh-unknown,230,250,230
4001,wm-rh-bankssts,230,155,215
4002,wm-rh-caudalanteriorcingulate,130,155,95
4003,wm-rh-caudalmiddlefrontal,155,230,255
4004,wm-rh-corpuscallosum,135,185,205
4005,wm-rh-cuneus,35,235,155
4006,wm-rh-entorhinal,35,235,245
4007,wm-rh-fusiform,75,35,115
4008,wm-rh-inferiorparietal,35,195,35
4009,wm-rh-inferiortemporal,75,215,135
4010,wm-rh-isthmuscingulate,115,235,115
4011,wm-rh-lateraloccipital,235,225,115
4012,wm-rh-lateralorbitofrontal,220,180,205
4013,wm-rh-lingual,30,115,115
4014,wm-rh-medialorbitofrontal,55,220,180
4015,wm-rh-middletemporal,95,155,205
4016,wm-rh-parahippocampal,235,35,195
4017,wm-rh-paracentral,195,35,195
4018,wm-rh-parsopercularis,35,75,115
4019,wm-rh-parsorbitalis,235,155,205
4020,wm-rh-parstriangularis,35,195,235
4021,wm-rh-pericalcarine,135,155,195
4022,wm-rh-postcentral,35,235,235
4023,wm-rh-posteriorcingulate,35,75,35
4024,wm-rh-precentral,195,235,35
4025,wm-rh-precuneus,95,115,75
4026,wm-rh-rostralanteriorcingulate,175,235,115
4027,wm-rh-rostralmiddlefrontal,180,205,130
4028,wm-rh-superiorfrontal,235,35,95
4029,wm-rh-superiorparietal,235,75,115
4030,wm-rh-superiortemporal,115,35,35
4031,wm-rh-supramarginal,175,95,235
4032,wm-rh-frontalpole,155,255,155
4033,wm-rh-temporalpole,185,185,185
4034,wm-rh-transversetemporal,105,105,55
4035,wm-rh-insula,20,220,160
1301,ctx-lh-frontal-lobe,25,100,40
1303,ctx-lh-cingulate-lobe,100,25,0
1304,ctx-lh-occiptal-lobe,120,70,50
1305,ctx-lh-temporal-lobe,220,20,100
1306,ctx-lh-parietal-lobe,220,20,10
1307,ctx-lh-insula-lobe,255,192,32
2301,ctx-rh-frontal-lobe,25,100,40
2303,ctx-rh-cingulate-lobe,100,25,0
2304,ctx-rh-occiptal-lobe,120,70,50
2305,ctx-rh-temporal-lobe,220,20,100
2306,ctx-rh-parietal-lobe,220,20,10
2307,ctx-rh-insula-lobe,255,192,32
3201,wm-lh-frontal-lobe,235,35,95
3203,wm-lh-cingulate-lobe,35,75,35
3204,wm-lh-occiptal-lobe,135,155,195
3205,wm-lh-temporal-lobe,115,35,35
3206,wm-lh-parietal-lobe,35,195,35
3207,wm-lh-insula-lobe,20,220,160
4201,wm-rh-frontal-lobe,235,35,95
4203,wm-rh-cingulate-lobe,35,75,35
4204,wm-rh-occiptal-lobe,135,155,195
4205,wm-rh-temporal-lobe,115,35,35
4206,wm-rh-parietal-lobe,35,195,35
4207,wm-rh-insula-lobe,20,220,160
1100,ctx-lh-Unknown,0,0,0
1101,ctx-lh-Corpus_callosum,50,50,50
1102,ctx-lh-G_and_S_Insula_ONLY_AVERAGE,180,20,30
1103,ctx-lh-G_cingulate-Isthmus,60,25,25
1104,ctx-lh-G_cingulate-Main_part,25,60,60
1200,ctx-lh-G_cingulate-caudal_ACC,25,60,61
1201,ctx-lh-G_cingulate-rostral_ACC,25,90,60
1202,ctx-lh-G_cingulate-posterior,25,120,60
1205,ctx-lh-S_cingulate-caudal_ACC,25,150,60
1206,ctx-lh-S_cingulate-rostral_ACC,25,180,60
1207,ctx-lh-S_cingulate-posterior,25,210,60
1210,ctx-lh-S_pericallosal-caudal,25,150,90
1211,ctx-lh-S_pericallosal-rostral,25,180,90
1212,ctx-lh-S_pericallosal-posterior,25,210,90
1105,ctx-lh-G_cuneus,180,20,20
1106,ctx-lh-G_frontal_inf-Opercular_part,220,20,100
1107,ctx-lh-G_frontal_inf-Orbital_part,140,60,60
1108,ctx-lh-G_frontal_inf-Triangular_part,180,220,140
1109,ctx-lh-G_frontal_middle,140,100,180
1110,ctx-lh-G_frontal_superior,180,20,140
1111,ctx-lh-G_frontomarginal,140,20,140
1112,ctx-lh-G_insular_long,21,10,10
1113,ctx-lh-G_insular_short,225,140,140
1114,ctx-lh-G_and_S_occipital_inferior,23,60,180
1115,ctx-lh-G_occipital_middle,180,60,180
1116,ctx-lh-G_occipital_superior,20,220,60
1117,ctx-lh-G_occipit-temp_lat-Or_fusiform,60,20,140
1118,ctx-lh-G_occipit-temp_med-Lingual_part,220,180,140
1119,ctx-lh-G_occipit-temp_med-Parahippocampal_part,65,100,20
1120,ctx-lh-G_orbital,220,60,20
1121,ctx-lh-G_paracentral,60,100,60
1122,ctx-lh-G_parietal_inferior-Angular_part,20,60,220
1123,ctx-lh-G_parietal_inferior-Supramarginal_part,100,100,60
1124,ctx-lh-G_parietal_superior,220,180,220
1125,ctx-lh-G_postcentral,20,180,140
1126,ctx-lh-G_precentral,60,140,180
1127,ctx-lh-G_precuneus,25,20,140
1128,ctx-lh-G_rectus,20,60,100
1129,ctx-lh-G_subcallosal,60,220,20
1130,ctx-lh-G_subcentral,60,20,220
1131,ctx-lh-G_temporal_inferior,220,220,100
1132,ctx-lh-G_temporal_middle,180,60,60
1133,ctx-lh-G_temp_sup-G_temp_transv_and_interm_S,60,60,220
1134,ctx-lh-G_temp_sup-Lateral_aspect,220,60,220
1135,ctx-lh-G_temp_sup-Planum_polare,65,220,60
1136,ctx-lh-G_temp_sup-Planum_tempolare,25,140,20
1137,ctx-lh-G_and_S_transverse_frontopolar,13,0,250
1138,ctx-lh-Lat_Fissure-ant_sgt-ramus_horizontal,61,20,220
1139,ctx-lh-Lat_Fissure-ant_sgt-ramus_vertical,61,20,60
1140,ctx-lh-Lat_Fissure-post_sgt,61,60,100
1141,ctx-lh-Medial_wall,25,25,25
1142,ctx-lh-Pole_occipital,140,20,60
1143,ctx-lh-Pole_temporal,220,180,20
1144,ctx-lh-S_calcarine,63,180,180
1145,ctx-lh-S_central,221,20,10
1146,ctx-lh-S_central_insula,21,220,20
1147,ctx-lh-S_cingulate-Main_part_and_Intracingulate,183,100,20
1148,ctx-lh-S_cingulate-Marginalis_part,221,20,100
1149,ctx-lh-S_circular_insula_anterior,221,60,140
1150,ctx-lh-S_circular_insula_inferior,221,20,220
1151,ctx-lh-S_circular_insula_superior,61,220,220
1152,ctx-lh-S_collateral_transverse_ant,100,200,200
1153,ctx-lh-S_collateral_transverse_post,10,200,200
1154,ctx-lh-S_frontal_inferior,221,220,20
1155,ctx-lh-S_frontal_middle,141,20,100
1156,ctx-lh-S_frontal_superior,61,220,100
1157,ctx-lh-S_frontomarginal,21,220,60
1158,ctx-lh-S_intermedius_primus-Jensen,141,60,20
1159,ctx-lh-S_intraparietal-and_Parietal_transverse,143,20,220
1160,ctx-lh-S_occipital_anterior,61,20,180
1161,ctx-lh-S_occipital_middle_and_Lunatus,101,60,220
1162,ctx-lh-S_occipital_superior_and_transversalis,21,20,140
1163,ctx-lh-S_occipito-temporal_lateral,221,140,20
1164,ctx-lh-S_occipito-temporal_medial_and_S_Lingual,141,100,220
1165,ctx-lh-S_orbital-H_shapped,101,20,20
1166,ctx-lh-S_orbital_lateral,221,100,20
1167,ctx-lh-S_orbital_medial-Or_olfactory,181,200,20
1168,ctx-lh-S_paracentral,21,180,140
1169,ctx-lh-S_parieto_occipital,101,100,180
1170,ctx-lh-S_pericallosal,181,220,20
1171,ctx-lh-S_postcentral,21,140,200
1172,ctx-lh-S_precentral-Inferior-part,21,20,240
1173,ctx-lh-S_precentral-Superior-part,21,20,200
1174,ctx-lh-S_subcentral_ant,61,180,60
1175,ctx-lh-S_subcentral_post,61,180,250
1176,ctx-lh-S_suborbital,21,20,60
1177,ctx-lh-S_subparietal,101,60,60
1178,ctx-lh-S_supracingulate,21,220,220
1179,ctx-lh-S_temporal_inferior,21,180,180
1180,ctx-lh-S_temporal_superior,223,220,60
1181,ctx-lh-S_temporal_transverse,221,60,60
2100,ctx-rh-Unknown,0,0,0
2101,ctx-rh-Corpus_callosum,50,50,50
2102,ctx-rh-G_and_S_Insula_ONLY_AVERAGE,180,20,30
2103,ctx-rh-G_cingulate-Isthmus,60,25,25
2104,ctx-rh-G_cingulate-Main_part,25,60,60
2105,ctx-rh-G_cuneus,180,20,20
2106,ctx-rh-G_frontal_inf-Opercular_part,220,20,100
2107,ctx-rh-G_frontal_inf-Orbital_part,140,60,60
2108,ctx-rh-G_frontal_inf-Triangular_part,180,220,140
2109,ctx-rh-G_frontal_middle,140,100,180
2110,ctx-rh-G_frontal_superior,180,20,140
2111,ctx-rh-G_frontomarginal,140,20,140
2112,ctx-rh-G_insular_long,21,10,10
2113,ctx-rh-G_insular_short,225,140,140
2114,ctx-rh-G_and_S_occipital_inferior,23,60,180
2115,ctx-rh-G_occipital_middle,180,60,180
2116,ctx-rh-G_occipital_superior,20,220,60
2117,ctx-rh-G_occipit-temp_lat-Or_fusiform,60,20,140
2118,ctx-rh-G_occipit-temp_med-Lingual_part,220,180,140
2119,ctx-rh-G_occipit-temp_med-Parahippocampal_part,65,100,20
2120,ctx-rh-G_orbital,220,60,20
2121,ctx-rh-G_paracentral,60,100,60
2122,ctx-rh-G_parietal_inferior-Angular_part,20,60,220
2123,ctx-rh-G_parietal_inferior-Supramarginal_part,100,100,60
2124,ctx-rh-G_parietal_superior,220,180,220
2125,ctx-rh-G_postcentral,20,180,140
2126,ctx-rh-G_precentral,60,140,180
2127,ctx-rh-G_precuneus,25,20,140
2128,ctx-rh-G_rectus,20,60,100
2129,ctx-rh-G_subcallosal,60,220,20
2130,ctx-rh-G_subcentral,60,20,220
2131,ctx-rh-G_temporal_inferior,220,220,100
2132,ctx-rh-G_temporal_middle,180,60,60
2133,ctx-rh-G_temp_sup-G_temp_transv_and_interm_S,60,60,220
2134,ctx-rh-G_temp_sup-Lateral_aspect,220,60,220
2135,ctx-rh-G_temp_sup-Planum_polare,65,220,60
2136,ctx-rh-G_temp_sup-Planum_tempolare,25,140,20
2137,ctx-rh-G_and_S_transverse_frontopolar,13,0,250
2138,ctx-rh-Lat_Fissure-ant_sgt-ramus_horizontal,61,20,220
2139,ctx-rh-Lat_Fissure-ant_sgt-ramus_vertical,61,20,60
2140,ctx-rh-Lat_Fissure-post_sgt,61,60,100
2141,ctx-rh-Medial_wall,25,25,25
2142,ctx-rh-Pole_occipital,140,20,60
2143,ctx-rh-Pole_temporal,220,180,20
2144,ctx-rh-S_calcarine,63,180,180
2145,ctx-rh-S_central,221,20,10
2146,ctx-rh-S_central_insula,21,220,20
2147,ctx-rh-S_cingulate-Main_part_and_Intracingulate,183,100,20
2148,ctx-rh-S_cingulate-Marginalis_part,221,20,100
2149,ctx-rh-S_circular_insula_anterior,221,60,140
2150,ctx-rh-S_circular_insula_inferior,221,20,220
2151,ctx-rh-S_circular_insula_superior,61,220,220
2152,ctx-rh-S_collateral_transverse_ant,100,200,200
2153,ctx-rh-S_collateral_transverse_post,10,200,200
2154,ctx-rh-S_frontal_inferior,221,220,20
2155,ctx-rh-S_frontal_middle,141,20,100
2156,ctx-rh-S_frontal_superior,61,220,100
2157,ctx-rh-S_frontomarginal,21,220,60
2158,ctx-rh-S_intermedius_primus-Jensen,141,60,20
2159,ctx-rh-S_intraparietal-and_Parietal_transverse,143,20,220
2160,ctx-rh-S_occipital_anterior,61,20,180
2161,ctx-rh-S_occipital_middle_and_Lunatus,101,60,220
2162,ctx-rh-S_occipital_superior_and_transversalis,21,20,140
2163,ctx-rh-S_occipito-temporal_lateral,221,140,20
2164,ctx-rh-S_occipito-temporal_medial_and_S_Lingual,141,100,220
2165,ctx-rh-S_orbital-H_shapped,101,20,20
2166,ctx-rh-S_orbital_lateral,221,100,20
2167,ctx-rh-S_orbital_medial-Or_olfactory,181,200,20
2168,ctx-rh-S_paracentral,21,180,140
2169,ctx-rh-S_parieto_occipital,101,100,180
2170,ctx-rh-S_pericallosal,181,220,20
2171,ctx-rh-S_postcentral,21,140,200
2172,ctx-rh-S_precentral-Inferior-part,21,20,240
2173,ctx-rh-S_precentral-Superior-part,21,20,200
2174,ctx-rh-S_subcentral_ant,61,180,60
2175,ctx-rh-S_subcentral_post,61,180,250
2176,ctx-rh-S_suborbital,21,20,60
2177,ctx-rh-S_subparietal,101,60,60
2178,ctx-rh-S_supracingulate,21,220,220
2179,ctx-rh-S_temporal_inferior,21,180,180
2180,ctx-rh-S_temporal_superior,223,220,60
2181,ctx-rh-S_temporal_transverse,221,60,60
2200,ctx-rh-G_cingulate-caudal_ACC,25,60,61
2201,ctx-rh-G_cingulate-rostral_ACC,25,90,60
2202,ctx-rh-G_cingulate-posterior,25,120,60
2205,ctx-rh-S_cingulate-caudal_ACC,25,150,60
2206,ctx-rh-S_cingulate-rostral_ACC,25,180,60
2207,ctx-rh-S_cingulate-posterior,25,210,60
2210,ctx-rh-S_pericallosal-caudal,25,150,90
2211,ctx-rh-S_pericallosal-rostral,25,180,90
2212,ctx-rh-S_pericallosal-posterior,25,210,90
3100,wm-lh-Unknown,0,0,0
3101,wm-lh-Corpus_callosum,50,50,50
3102,wm-lh-G_and_S_Insula_ONLY_AVERAGE,180,20,30
3103,wm-lh-G_cingulate-Isthmus,60,25,25
3104,wm-lh-G_cingulate-Main_part,25,60,60
3105,wm-lh-G_cuneus,180,20,20
3106,wm-lh-G_frontal_inf-Opercular_part,220,20,100
3107,wm-lh-G_frontal_inf-Orbital_part,140,60,60
3108,wm-lh-G_frontal_inf-Triangular_part,180,220,140
3109,wm-lh-G_frontal_middle,140,100,180
3110,wm-lh-G_frontal_superior,180,20,140
3111,wm-lh-G_frontomarginal,140,20,140
3112,wm-lh-G_insular_long,21,10,10
3113,wm-lh-G_insular_short,225,140,140
3114,wm-lh-G_and_S_occipital_inferior,23,60,180
3115,wm-lh-G_occipital_middle,180,60,180
3116,wm-lh-G_occipital_superior,20,220,60
3117,wm-lh-G_occipit-temp_lat-Or_fusiform,60,20,140
3118,wm-lh-G_occipit-temp_med-Lingual_part,220,180,140
3119,wm-lh-G_occipit-temp_med-Parahippocampal_part,65,100,20
3120,wm-lh-G_orbital,220,60,20
3121,wm-lh-G_paracentral,60,100,60
3122,wm-lh-G_parietal_inferior-Angular_part,20,60,220
3123,wm-lh-G_parietal_inferior-Supramarginal_part,100,100,60
3124,wm-lh-G_parietal_superior,220,180,220
3125,wm-lh-G_postcentral,20,180,140
3126,wm-lh-G_precentral,60,140,180
3127,wm-lh-G_precuneus,25,20,140
3128,wm-lh-G_rectus,20,60,100
3129,wm-lh-G_subcallosal,60,220,20
3130,wm-lh-G_subcentral,60,20,220
3131,wm-lh-G_temporal_inferior,220,220,100
3132,wm-lh-G_temporal_middle,180,60,60
3133,wm-lh-G_temp_sup-G_temp_transv_and_interm_S,60,60,220
3134,wm-lh-G_temp_sup-Lateral_aspect,220,60,220
3135,wm-lh-G_temp_sup-Planum_polare,65,220,60
3136,wm-lh-G_temp_sup-Planum_tempolare,25,140,20
3137,wm-lh-G_and_S_transverse_frontopolar,13,0,250
3138,wm-lh-Lat_Fissure-ant_sgt-ramus_horizontal,61,20,220
3139,wm-lh-Lat_Fissure-ant_sgt-ramus_vertical,61,20,60
3140,wm-lh-Lat_Fissure-post_sgt,61,60,100
3141,wm-lh-Medial_wall,25,25,25
3142,wm-lh-Pole_occipital,140,20,60
3143,wm-lh-Pole_temporal,220,180,20
3144,wm-lh-S_calcarine,63,180,180
3145,wm-lh-S_central,221,20,10
3146,wm-lh-S_central_insula,21,220,20
3147,wm-lh-S_cingulate-Main_part_and_Intracingulate,183,100,20
3148,wm-lh-S_cingulate-Marginalis_part,221,20,100
3149,wm-lh-S_circular_insula_anterior,221,60,140
3150,wm-lh-S_circular_insula_inferior,221,20,220
3151,wm-lh-S_circular_insula_superior,61,220,220
3152,wm-lh-S_collateral_transverse_ant,100,200,200
3153,wm-lh-S_collateral_transverse_post,10,200,200
3154,wm-lh-S_frontal_inferior,221,220,20
3155,wm-lh-S_frontal_middle,141,20,100
3156,wm-lh-S_frontal_superior,61,220,100
3157,wm-lh-S_frontomarginal,21,220,60
3158,wm-lh-S_intermedius_primus-Jensen,141,60,20
3159,wm-lh-S_intraparietal-and_Parietal_transverse,143,20,220
3160,wm-lh-S_occipital_anterior,61,20,180
3161,wm-lh-S_occipital_middle_and_Lunatus,101,60,220
3162,wm-lh-S_occipital_superior_and_transversalis,21,20,140
3163,wm-lh-S_occipito-temporal_lateral,221,140,20
3164,wm-lh-S_occipito-temporal_medial_and_S_Lingual,141,100,220
3165,wm-lh-S_orbital-H_shapped,101,20,20
3166,wm-lh-S_orbital_lateral,221,100,20
3167,wm-lh-S_orbital_medial-Or_olfactory,181,200,20
3168,wm-lh-S_paracentral,21,180,140
3169,wm-lh-S_parieto_occipital,101,100,180
3170,wm-lh-S_pericallosal,181,220,20
3171,wm-lh-S_postcentral,21,140,200
3172,wm-lh-S_precentral-Inferior-part,21,20,240
3173,wm-lh-S_precentral-Superior-part,21,20,200
3174,wm-lh-S_subcentral_ant,61,180,60
3175,wm-lh-S_subcentral_post,61,180,250
3176,wm-lh-S_suborbital,21,20,60
3177,wm-lh-S_subparietal,101,60,60
3178,wm-lh-S_supracingulate,21,220,220
3179,wm-lh-S_temporal_inferior,21,180,180
3180,wm-lh-S_temporal_superior,223,220,60
3181,wm-lh-S_temporal_transverse,221,60,60
4100,wm-rh-Unknown,0,0,0
4101,wm-rh-Corpus_callosum,50,50,50
4102,wm-rh-G_and_S_Insula_ONLY_AVERAGE,180,20,30
4103,wm-rh-G_cingulate-Isthmus,60,25,25
4104,wm-rh-G_cingulate-Main_part,25,60,60
4105,wm-rh-G_cuneus,180,20,20
4106,wm-rh-G_frontal_inf-Opercular_part,220,20,100
4107,wm-rh-G_frontal_inf-Orbital_part,140,60,60
4108,wm-rh-G_frontal_inf-Triangular_part,180,220,140
4109,wm-rh-G_frontal_middle,140,100,180
4110,wm-rh-G_frontal_superior,180,20,140
4111,wm-rh-G_frontomarginal,140,20,140
4112,wm-rh-G_insular_long,21,10,10
4113,wm-rh-G_insular_short,225,140,140
4114,wm-rh-G_and_S_occipital_inferior,23,60,180
4115,wm-rh-G_occipital_middle,180,60,180
4116,wm-rh-G_occipital_superior,20,220,60
4117,wm-rh-G_occipit-temp_lat-Or_fusiform,60,20,140
4118,wm-rh-G_occipit-temp_med-Lingual_part,220,180,140
4119,wm-rh-G_occipit-temp_med-Parahippocampal_part,65,100,20
4120,wm-rh-G_orbital,220,60,20
4121,wm-rh-G_paracentral,60,100,60
4122,wm-rh-G_parietal_inferior-Angular_part,20,60,220
4123,wm-rh-G_parietal_inferior-Supramarginal_part,100,100,60
4124,wm-rh-G_parietal_superior,220,180,220
4125,wm-rh-G_postcentral,20,180,140
4126,wm-rh-G_precentral,60,140,180
4127,wm-rh-G_precuneus,25,20,140
4128,wm-rh-G_rectus,20,60,100
4129,wm-rh-G_subcallosal,60,220,20
4130,wm-rh-G_subcentral,60,20,220
4131,wm-rh-G_temporal_inferior,220,220,100
4132,wm-rh-G_temporal_middle,180,60,60
4133,wm-rh-G_temp_sup-G_temp_transv_and_interm_S,60,60,220
4134,wm-rh-G_temp_sup-Lateral_aspect,220,60,220
4135,wm-rh-G_temp_sup-Planum_polare,65,220,60
4136,wm-rh-G_temp_sup-Planum_tempolare,25,140,20
4137,wm-rh-G_and_S_transverse_frontopolar,13,0,250
4138,wm-rh-Lat_Fissure-ant_sgt-ramus_horizontal,61,20,220
4139,wm-rh-Lat_Fissure-ant_sgt-ramus_vertical,61,20,60
4140,wm-rh-Lat_Fissure-post_sgt,61,60,100
4141,wm-rh-Medial_wall,25,25,25
4142,wm-rh-Pole_occipital,140,20,60
4143,wm-rh-Pole_temporal,220,180,20
4144,wm-rh-S_calcarine,63,180,180
4145,wm-rh-S_central,221,20,10
4146,wm-rh-S_central_insula,21,220,20
4147,wm-rh-S_cingulate-Main_part_and_Intracingulate,183,100,20
4148,wm-rh-S_cingulate-Marginalis_part,221,20,100
4149,wm-rh-S_circular_insula_anterior,221,60,140
4150,wm-rh-S_circular_insula_inferior,221,20,220
4151,wm-rh-S_circular_insula_superior,61,220,220
4152,wm-rh-S_collateral_transverse_ant,100,200,200
4153,wm-rh-S_collateral_transverse_post,10,200,200
4154,wm-rh-S_frontal_inferior,221,220,20
4155,wm-rh-S_frontal_middle,141,20,100
4156,wm-rh-S_frontal_superior,61,220,100
4157,wm-rh-S_frontomarginal,21,220,60
4158,wm-rh-S_intermedius_primus-Jensen,141,60,20
4159,wm-rh-S_intraparietal-and_Parietal_transverse,143,20,220
4160,wm-rh-S_occipital_anterior,61,20,180
4161,wm-rh-S_occipital_middle_and_Lunatus,101,60,220
4162,wm-rh-S_occipital_superior_and_transversalis,21,20,140
4163,wm-rh-S_occipito-temporal_lateral,221,140,20
4164,wm-rh-S_occipito-temporal_medial_and_S_Lingual,141,100,220
4165,wm-rh-S_orbital-H_shapped,101,20,20
4166,wm-rh-S_orbital_lateral,221,100,20
4167,wm-rh-S_orbital_medial-Or_olfactory,181,200,20
4168,wm-rh-S_paracentral,21,180,140
4169,wm-rh-S_parieto_occipital,101,100,180
4170,wm-rh-S_pericallosal,181,220,20
4171,wm-rh-S_postcentral,21,140,200
4172,wm-rh-S_precentral-Inferior-part,21,20,240
4173,wm-rh-S_precentral-Superior-part,21,20,200
4174,wm-rh-S_subcentral_ant,61,180,60
4175,wm-rh-S_subcentral_post,61,180,250
4176,wm-rh-S_suborbital,21,20,60
4177,wm-rh-S_subparietal,101,60,60
4178,wm-rh-S_supracingulate,21,220,220
4179,wm-rh-S_temporal_inferior,21,180,180
4180,wm-rh-S_temporal_superior,223,220,60
4181,wm-rh-S_temporal_transverse,221,60,60
5001,Left-UnsegmentedWhiteMatter,20,30,40
5002,Right-UnsegmentedWhiteMatter,20,30,40
5100,fmajor,204,102,102
5101,fminor,204,102,102
5102,lh.atr,255,255,102
5103,lh.cab,153,204,0
5104,lh.ccg,0,153,153
5105,lh.cst,204,153,255
5106,lh.ilf,255,153,51
5107,lh.slfp,204,204,204
5108,lh.slft,153,255,255
5109,lh.unc,102,153,255
5110,rh.atr,255,255,102
5111,rh.cab,153,204,0
5112,rh.ccg,0,153,153
5113,rh.cst,204,153,255
5114,rh.ilf,255,153,51
5115,rh.slfp,204,204,204
5116,rh.slft,153,255,255
5117,rh.unc,102,153,255
5200,CC-ForcepsMajor,204,102,102
5201,CC-ForcepsMinor,204,102,102
5202,LAntThalRadiation,255,255,102
5203,LCingulumAngBundle,153,204,0
5204,LCingulumCingGyrus,0,153,153
5205,LCorticospinalTract,204,153,255
5206,LInfLongFas,255,153,51
5207,LSupLongFasParietal,204,204,204
5208,LSupLongFasTemporal,153,255,255
5209,LUncinateFas,102,153,255
5210,RAntThalRadiation,255,255,102
5211,RCingulumAngBundle,153,204,0
5212,RCingulumCingGyrus,0,153,153
5213,RCorticospinalTract,204,153,255
5214,RInfLongFas,255,153,51
5215,RSupLongFasParietal,204,204,204
5216,RSupLongFasTemporal,153,255,255
5217,RUncinateFas,102,153,255
6000,CST-orig,0,255,0
6001,CST-hammer,255,255,0
6002,CST-CVS,0,255,255
6003,CST-flirt,0,0,255
6010,Left-SLF1,236,16,231
6020,Right-SLF1,237,18,232
6030,Left-SLF3,236,13,227
6040,Right-SLF3,236,17,228
6050,Left-CST,1,255,1
6060,Right-CST,2,255,1
6070,Left-SLF2,236,14,230
6080,Right-SLF2,237,14,230
7001,Lateral-nucleus,72,132,181
7002,Basolateral-nucleus,243,243,243
7003,Basal-nucleus,207,63,79
7004,Centromedial-nucleus,121,20,135
7005,Central-nucleus,197,60,248
7006,Medial-nucleus,2,149,2
7007,Cortical-nucleus,221,249,166
7008,Accessory-Basal-nucleus,232,146,35
7009,Corticoamygdaloid-transitio,20,60,120
7010,Anterior-amygdaloid-area-AAA,250,250,0
7011,Fusion-amygdala-HP-FAH,122,187,222
7012,Hippocampal-amygdala-transition-HATA,237,12,177
7013,Endopiriform-nucleus,10,49,255
7014,Lateral-nucleus-olfactory-tract,205,184,144
7015,Paralaminar-nucleus,45,205,165
7016,Intercalated-nucleus,117,160,175
7017,Prepiriform-cortex,221,217,21
7018,Periamygdaloid-cortex,20,60,120
7019,Envelope-Amygdala,141,21,100
7020,Extranuclear-Amydala,225,140,141
7100,Brainstem-inferior-colliculus,42,201,168
7101,Brainstem-cochlear-nucleus,168,104,162
8001,Thalamus-Anterior,74,130,181
8002,Thalamus-Ventral-anterior,242,241,240
8003,Thalamus-Lateral-dorsal,206,65,78
8004,Thalamus-Lateral-posterior,120,21,133
8005,Thalamus-Ventral-lateral,195,61,246
8006,Thalamus-Ventral-posterior-medial,3,147,6
8007,Thalamus-Ventral-posterior-lateral,220,251,163
8008,Thalamus-intralaminar,232,146,33
8009,Thalamus-centromedian,4,114,14
8010,Thalamus-mediodorsal,121,184,220
8011,Thalamus-medial,235,11,175
8012,Thalamus-pulvinar,12,46,250
8013,Thalamus-lateral-geniculate,203,182,143
8014,Thalamus-medial-geniculate,42,204,167
8103,Left-AV,0,85,0
8104,Left-CeM,170,85,0
8105,Left-CL,0,170,0
8106,Left-CM,170,170,0
8108,Left-LD,170,255,0
8109,Left-LGN,0,0,127
8110,Left-LP,0,85,127
8111,Left-L-Sg,170,85,127
8112,Left-MDl,0,170,127
8113,Left-MDm,170,170,127
8115,Left-MGN,170,255,127
8116,Left-MV(Re),0,0,255
8117,Left-Pc,170,0,255
8118,Left-Pf,0,85,255
8119,Left-Pt,170,85,255
8120,Left-PuA,0,170,255
8121,Left-PuI,170,170,255
8122,Left-PuL,0,255,255
8123,Left-PuM,170,255,255
8125,Left-R,255,0,0
8126,Left-VA,85,85,0
8127,Left-VAmc,255,85,0
8128,Left-VLa,85,170,0
8129,Left-VLp,255,170,0
8130,Left-VM,85,255,0
8133,Left-VPL,255,0,255
8203,Right-AV,0,85,0
8204,Right-CeM,170,85,0
8205,Right-CL,0,170,0
8206,Right-CM,170,170,0
8208,Right-LD,170,255,0
8209,Right-LGN,0,0,127
8210,Right-LP,0,85,127
8211,Right-L-Sg,170,85,127
8212,Right-MDl,0,170,127
8213,Right-MDm,170,170,127
8215,Right-MGN,170,255,127
8216,Right-MV(Re),0,0,255
8217,Right-Pc,170,0,255
8218,Right-Pf,0,85,255
8219,Right-Pt,170,85,255
8220,Right-PuA,0,170,255
8221,Right-PuI,170,170,255
8222,Right-PuL,0,255,255
8223,Right-PuM,170,255,255
8225,Right-R,255,0,0
8226,Right-VA,85,85,0
8227,Right-VAmc,255,85,0
8228,Right-VLa,85,170,0
8229,Right-VLp,255,170,0
8230,Right-VM,85,255,0
8233,Right-VPL,255,0,255
9000,ctx-lh-prefrontal,50,100,30
9001,ctx-lh-primary-motor,30,100,45
9002,ctx-lh-premotor,130,100,165
9003,ctx-lh-temporal,105,25,5
9004,ctx-lh-posterior-parietal,125,70,55
9005,ctx-lh-prim-sec-somatosensory,225,20,105
9006,ctx-lh-occipital,225,20,15
9500,ctx-rh-prefrontal,50,200,30
9501,ctx-rh-primary-motor,30,150,45
9502,ctx-rh-premotor,130,150,165
9503,ctx-rh-temporal,105,75,5
9504,ctx-rh-posterior-parietal,125,120,55
9505,ctx-rh-prim-sec-somatosensory,225,70,105
9506,ctx-rh-occipital,225,70,15
11100,ctx_lh_Unknown,0,0,0
11101,ctx_lh_G_and_S_frontomargin,23,220,60
11102,ctx_lh_G_and_S_occipital_inf,23,60,180
11103,ctx_lh_G_and_S_paracentral,63,100,60
11104,ctx_lh_G_and_S_subcentral,63,20,220
11105,ctx_lh_G_and_S_transv_frontopol,13,0,250
11106,ctx_lh_G_and_S_cingul-Ant,26,60,0
11107,ctx_lh_G_and_S_cingul-Mid-Ant,26,60,75
11108,ctx_lh_G_and_S_cingul-Mid-Post,26,60,150
11109,ctx_lh_G_cingul-Post-dorsal,25,60,250
11110,ctx_lh_G_cingul-Post-ventral,60,25,25
11111,ctx_lh_G_cuneus,180,20,20
11112,ctx_lh_G_front_inf-Opercular,220,20,100
11113,ctx_lh_G_front_inf-Orbital,140,60,60
11114,ctx_lh_G_front_inf-Triangul,180,220,140
11115,ctx_lh_G_front_middle,140,100,180
11116,ctx_lh_G_front_sup,180,20,140
11117,ctx_lh_G_Ins_lg_and_S_cent_ins,23,10,10
11118,ctx_lh_G_insular_short,225,140,140
11119,ctx_lh_G_occipital_middle,180,60,180
11120,ctx_lh_G_occipital_sup,20,220,60
11121,ctx_lh_G_oc-temp_lat-fusifor,60,20,140
11122,ctx_lh_G_oc-temp_med-Lingual,220,180,140
11123,ctx_lh_G_oc-temp_med-Parahip,65,100,20
11124,ctx_lh_G_orbital,220,60,20
11125,ctx_lh_G_pariet_inf-Angular,20,60,220
11126,ctx_lh_G_pariet_inf-Supramar,100,100,60
11127,ctx_lh_G_parietal_sup,220,180,220
11128,ctx_lh_G_postcentral,20,180,140
11129,ctx_lh_G_precentral,60,140,180
11130,ctx_lh_G_precuneus,25,20,140
11131,ctx_lh_G_rectus,20,60,100
11132,ctx_lh_G_subcallosal,60,220,20
11133,ctx_lh_G_temp_sup-G_T_transv,60,60,220
11134,ctx_lh_G_temp_sup-Lateral,220,60,220
11135,ctx_lh_G_temp_sup-Plan_polar,65,220,60
11136,ctx_lh_G_temp_sup-Plan_tempo,25,140,20
11137,ctx_lh_G_temporal_inf,220,220,100
11138,ctx_lh_G_temporal_middle,180,60,60
11139,ctx_lh_Lat_Fis-ant-Horizont,61,20,220
11140,ctx_lh_Lat_Fis-ant-Vertical,61,20,60
11141,ctx_lh_Lat_Fis-post,61,60,100
11142,ctx_lh_Medial_wall,25,25,25
11143,ctx_lh_Pole_occipital,140,20,60
11144,ctx_lh_Pole_temporal,220,180,20
11145,ctx_lh_S_calcarine,63,180,180
11146,ctx_lh_S_central,221,20,10
11147,ctx_lh_S_cingul-Marginalis,221,20,100
11148,ctx_lh_S_circular_insula_ant,221,60,140
11149,ctx_lh_S_circular_insula_inf,221,20,220
11150,ctx_lh_S_circular_insula_sup,61,220,220
11151,ctx_lh_S_collat_transv_ant,100,200,200
11152,ctx_lh_S_collat_transv_post,10,200,200
11153,ctx_lh_S_front_inf,221,220,20
11154,ctx_lh_S_front_middle,141,20,100
11155,ctx_lh_S_front_sup,61,220,100
11156,ctx_lh_S_interm_prim-Jensen,141,60,20
11157,ctx_lh_S_intrapariet_and_P_trans,143,20,220
11158,ctx_lh_S_oc_middle_and_Lunatus,101,60,220
11159,ctx_lh_S_oc_sup_and_transversal,21,20,140
11160,ctx_lh_S_occipital_ant,61,20,180
11161,ctx_lh_S_oc-temp_lat,221,140,20
11162,ctx_lh_S_oc-temp_med_and_Lingual,141,100,220
11163,ctx_lh_S_orbital_lateral,221,100,20
11164,ctx_lh_S_orbital_med-olfact,181,200,20
11165,ctx_lh_S_orbital-H_Shaped,101,20,20
11166,ctx_lh_S_parieto_occipital,101,100,180
11167,ctx_lh_S_pericallosal,181,220,20
11168,ctx_lh_S_postcentral,21,140,200
11169,ctx_lh_S_precentral-inf-part,21,20,240
11170,ctx_lh_S_precentral-sup-part,21,20,200
11171,ctx_lh_S_suborbital,21,20,60
11172,ctx_lh_S_subparietal,101,60,60
11173,ctx_lh_S_temporal_inf,21,180,180
11174,ctx_lh_S_temporal_sup,223,220,60
11175,ctx_lh_S_temporal_transverse,221,60,60
12100,ctx_rh_Unknown,0,0,0
12101,ctx_rh_G_and_S_frontomargin,23,220,60
12102,ctx_rh_G_and_S_occipital_inf,23,60,180
12103,ctx_rh_G_and_S_paracentral,63,100,60
12104,ctx_rh_G_and_S_subcentral,63,20,220
12105,ctx_rh_G_and_S_transv_frontopol,13,0,250
12106,ctx_rh_G_and_S_cingul-Ant,26,60,0
12107,ctx_rh_G_and_S_cingul-Mid-Ant,26,60,75
12108,ctx_rh_G_and_S_cingul-Mid-Post,26,60,150
12109,ctx_rh_G_cingul-Post-dorsal,25,60,250
12110,ctx_rh_G_cingul-Post-ventral,60,25,25
12111,ctx_rh_G_cuneus,180,20,20
12112,ctx_rh_G_front_inf-Opercular,220,20,100
12113,ctx_rh_G_front_inf-Orbital,140,60,60
12114,ctx_rh_G_front_inf-Triangul,180,220,140
12115,ctx_rh_G_front_middle,140,100,180
12116,ctx_rh_G_front_sup,180,20,140
12117,ctx_rh_G_Ins_lg_and_S_cent_ins,23,10,10
12118,ctx_rh_G_insular_short,225,140,140
12119,ctx_rh_G_occipital_middle,180,60,180
12120,ctx_rh_G_occipital_sup,20,220,60
12121,ctx_rh_G_oc-temp_lat-fusifor,60,20,140
12122,ctx_rh_G_oc-temp_med-Lingual,220,180,140
12123,ctx_rh_G_oc-temp_med-Parahip,65,100,20
12124,ctx_rh_G_orbital,220,60,20
12125,ctx_rh_G_pariet_inf-Angular,20,60,220
12126,ctx_rh_G_pariet_inf-Supramar,100,100,60
12127,ctx_rh_G_parietal_sup,220,180,220
12128,ctx_rh_G_postcentral,20,180,140
12129,ctx_rh_G_precentral,60,140,180
12130,ctx_rh_G_precuneus,25,20,140
12131,ctx_rh_G_rectus,20,60,100
12132,ctx_rh_G_subcallosal,60,220,20
12133,ctx_rh_G_temp_sup-G_T_transv,60,60,220
12134,ctx_rh_G_temp_sup-Lateral,220,60,220
12135,ctx_rh_G_temp_sup-Plan_polar,65,220,60
12136,ctx_rh_G_temp_sup-Plan_tempo,25,140,20
12137,ctx_rh_G_temporal_inf,220,220,100
12138,ctx_rh_G_temporal_middle,180,60,60
12139,ctx_rh_Lat_Fis-ant-Horizont,61,20,220
12140,ctx_rh_Lat_Fis-ant-Vertical,61,20,60
12141,ctx_rh_Lat_Fis-post,61,60,100
12142,ctx_rh_Medial_wall,25,25,25
12143,ctx_rh_Pole_occipital,140,20,60
12144,ctx_rh_Pole_temporal,220,180,20
12145,ctx_rh_S_calcarine,63,180,180
12146,ctx_rh_S_central,221,20,10
12147,ctx_rh_S_cingul-Marginalis,221,20,100
12148,ctx_rh_S_circular_insula_ant,221,60,140
12149,ctx_rh_S_circular_insula_inf,221,20,220
12150,ctx_rh_S_circular_insula_sup,61,220,220
12151,ctx_rh_S_collat_transv_ant,100,200,200
12152,ctx_rh_S_collat_transv_post,10,200,200
12153,ctx_rh_S_front_inf,221,220,20
12154,ctx_rh_S_front_middle,141,20,100
12155,ctx_rh_S_front_sup,61,220,100
12156,ctx_rh_S_interm_prim-Jensen,141,60,20
12157,ctx_rh_S_intrapariet_and_P_trans,143,20,220
12158,ctx_rh_S_oc_middle_and_Lunatus,101,60,220
12159,ctx_rh_S_oc_sup_and_transversal,21,20,140
12160,ctx_rh_S_occipital_ant,61,20,180
12161,ctx_rh_S_oc-temp_lat,221,140,20
12162,ctx_rh_S_oc-temp_med_and_Lingual,141,100,220
12163,ctx_rh_S_orbital_lateral,221,100,20
12164,ctx_rh_S_orbital_med-olfact,181,200,20
12165,ctx_rh_S_orbital-H_Shaped,101,20,20
12166,ctx_rh_S_parieto_occipital,101,100,180
12167,ctx_rh_S_pericallosal,181,220,20
12168,ctx_rh_S_postcentral,21,140,200
12169,ctx_rh_S_precentral-inf-part,21,20,240
12170,ctx_rh_S_precentral-sup-part,21,20,200
12171,ctx_rh_S_suborbital,21,20,60
12172,ctx_rh_S_subparietal,101,60,60
12173,ctx_rh_S_temporal_inf,21,180,180
12174,ctx_rh_S_temporal_sup,223,220,60
12175,ctx_rh_S_temporal_transverse,221,60,60
13100,wm_lh_Unknown,0,0,0
13101,wm_lh_G_and_S_frontomargin,23,220,60
13102,wm_lh_G_and_S_occipital_inf,23,60,180
13103,wm_lh_G_and_S_paracentral,63,100,60
13104,wm_lh_G_and_S_subcentral,63,20,220
13105,wm_lh_G_and_S_transv_frontopol,13,0,250
13106,wm_lh_G_and_S_cingul-Ant,26,60,0
13107,wm_lh_G_and_S_cingul-Mid-Ant,26,60,75
13108,wm_lh_G_and_S_cingul-Mid-Post,26,60,150
13109,wm_lh_G_cingul-Post-dorsal,25,60,250
13110,wm_lh_G_cingul-Post-ventral,60,25,25
13111,wm_lh_G_cuneus,180,20,20
13112,wm_lh_G_front_inf-Opercular,220,20,100
13113,wm_lh_G_front_inf-Orbital,140,60,60
13114,wm_lh_G_front_inf-Triangul,180,220,140
13115,wm_lh_G_front_middle,140,100,180
13116,wm_lh_G_front_sup,180,20,140
13117,wm_lh_G_Ins_lg_and_S_cent_ins,23,10,10
13118,wm_lh_G_insular_short,225,140,140
13119,wm_lh_G_occipital_middle,180,60,180
13120,wm_lh_G_occipital_sup,20,220,60
13121,wm_lh_G_oc-temp_lat-fusifor,60,20,140
13122,wm_lh_G_oc-temp_med-Lingual,220,180,140
13123,wm_lh_G_oc-temp_med-Parahip,65,100,20
13124,wm_lh_G_orbital,220,60,20
13125,wm_lh_G_pariet_inf-Angular,20,60,220
13126,wm_lh_G_pariet_inf-Supramar,100,100,60
13127,wm_lh_G_parietal_sup,220,180,220
13128,wm_lh_G_postcentral,20,180,140
13129,wm_lh_G_precentral,60,140,180
13130,wm_lh_G_precuneus,25,20,140
13131,wm_lh_G_rectus,20,60,100
13132,wm_lh_G_subcallosal,60,220,20
13133,wm_lh_G_temp_sup-G_T_transv,60,60,220
13134,wm_lh_G_temp_sup-Lateral,220,60,220
13135,wm_lh_G_temp_sup-Plan_polar,65,220,60
13136,wm_lh_G_temp_sup-Plan_tempo,25,140,20
13137,wm_lh_G_temporal_inf,220,220,100
13138,wm_lh_G_temporal_middle,180,60,60
13139,wm_lh_Lat_Fis-ant-Horizont,61,20,220
13140,wm_lh_Lat_Fis-ant-Vertical,61,20,60
13141,wm_lh_Lat_Fis-post,61,60,100
13142,wm_lh_Medial_wall,25,25,25
13143,wm_lh_Pole_occipital,140,20,60
13144,wm_lh_Pole_temporal,220,180,20
13145,wm_lh_S_calcarine,63,180,180
13146,wm_lh_S_central,221,20,10
13147,wm_lh_S_cingul-Marginalis,221,20,100
13148,wm_lh_S_circular_insula_ant,221,60,140
13149,wm_lh_S_circular_insula_inf,221,20,220
13150,wm_lh_S_circular_insula_sup,61,220,220
13151,wm_lh_S_collat_transv_ant,100,200,200
13152,wm_lh_S_collat_transv_post,10,200,200
13153,wm_lh_S_front_inf,221,220,20
13154,wm_lh_S_front_middle,141,20,100
13155,wm_lh_S_front_sup,61,220,100
13156,wm_lh_S_interm_prim-Jensen,141,60,20
13157,wm_lh_S_intrapariet_and_P_trans,143,20,220
13158,wm_lh_S_oc_middle_and_Lunatus,101,60,220
13159,wm_lh_S_oc_sup_and_transversal,21,20,140
13160,wm_lh_S_occipital_ant,61,20,180
13161,wm_lh_S_oc-temp_lat,221,140,20
13162,wm_lh_S_oc-temp_med_and_Lingual,141,100,220
13163,wm_lh_S_orbital_lateral,221,100,20
13164,wm_lh_S_orbital_med-olfact,181,200,20
13165,wm_lh_S_orbital-H_Shaped,101,20,20
13166,wm_lh_S_parieto_occipital,101,100,180
13167,wm_lh_S_pericallosal,181,220,20
13168,wm_lh_S_postcentral,21,140,200
13169,wm_lh_S_precentral-inf-part,21,20,240
13170,wm_lh_S_precentral-sup-part,21,20,200
13171,wm_lh_S_suborbital,21,20,60
13172,wm_lh_S_subparietal,101,60,60
13173,wm_lh_S_temporal_inf,21,180,180
13174,wm_lh_S_temporal_sup,223,220,60
13175,wm_lh_S_temporal_transverse,221,60,60
14100,wm_rh_Unknown,0,0,0
14101,wm_rh_G_and_S_frontomargin,23,220,60
14102,wm_rh_G_and_S_occipital_inf,23,60,180
14103,wm_rh_G_and_S_paracentral,63,100,60
14104,wm_rh_G_and_S_subcentral,63,20,220
14105,wm_rh_G_and_S_transv_frontopol,13,0,250
14106,wm_rh_G_and_S_cingul-Ant,26,60,0
14107,wm_rh_G_and_S_cingul-Mid-Ant,26,60,75
14108,wm_rh_G_and_S_cingul-Mid-Post,26,60,150
14109,wm_rh_G_cingul-Post-dorsal,25,60,250
14110,wm_rh_G_cingul-Post-ventral,60,25,25
14111,wm_rh_G_cuneus,180,20,20
14112,wm_rh_G_front_inf-Opercular,220,20,100
14113,wm_rh_G_front_inf-Orbital,140,60,60
14114,wm_rh_G_front_inf-Triangul,180,220,140
14115,wm_rh_G_front_middle,140,100,180
14116,wm_rh_G_front_sup,180,20,140
14117,wm_rh_G_Ins_lg_and_S_cent_ins,23,10,10
14118,wm_rh_G_insular_short,225,140,140
14119,wm_rh_G_occipital_middle,180,60,180
14120,wm_rh_G_occipital_sup,20,220,60
14121,wm_rh_G_oc-temp_lat-fusifor,60,20,140
14122,wm_rh_G_oc-temp_med-Lingual,220,180,140
14123,wm_rh_G_oc-temp_med-Parahip,65,100,20
14124,wm_rh_G_orbital,220,60,20
14125,wm_rh_G_pariet_inf-Angular,20,60,220
14126,wm_rh_G_pariet_inf-Supramar,100,100,60
14127,wm_rh_G_parietal_sup,220,180,220
14128,wm_rh_G_postcentral,20,180,140
14129,wm_rh_G_precentral,60,140,180
14130,wm_rh_G_precuneus,25,20,140
14131,wm_rh_G_rectus,20,60,100
14132,wm_rh_G_subcallosal,60,220,20
14133,wm_rh_G_temp_sup-G_T_transv,60,60,220
14134,wm_rh_G_temp_sup-Lateral,220,60,220
14135,wm_rh_G_temp_sup-Plan_polar,65,220,60
14136,wm_rh_G_temp_sup-Plan_tempo,25,140,20
14137,wm_rh_G_temporal_inf,220,220,100
14138,wm_rh_G_temporal_middle,180,60,60
14139,wm_rh_Lat_Fis-ant-Horizont,61,20,220
14140,wm_rh_Lat_Fis-ant-Vertical,61,20,60
14141,wm_rh_Lat_Fis-post,61,60,100
14142,wm_rh_Medial_wall,25,25,25
14143,wm_rh_Pole_occipital,140,20,60
14144,wm_rh_Pole_temporal,220,180,20
14145,wm_rh_S_calcarine,63,180,180
14146,wm_rh_S_central,221,20,10
14147,wm_rh_S_cingul-Marginalis,221,20,100
14148,wm_rh_S_circular_insula_ant,221,60,140
14149,wm_rh_S_circular_insula_inf,221,20,220
14150,wm_rh_S_circular_insula_sup,61,220,220
14151,wm_rh_S_collat_transv_ant,100,200,200
14152,wm_rh_S_collat_transv_post,10,200,200
14153,wm_rh_S_front_inf,221,220,20
14154,wm_rh_S_front_middle,141,20,100
14155,wm_rh_S_front_sup,61,220,100
14156,wm_rh_S_interm_prim-Jensen,141,60,20
14157,wm_rh_S_intrapariet_and_P_trans,143,20,220
14158,wm_rh_S_oc_middle_and_Lunatus,101,60,220
14159,wm_rh_S_oc_sup_and_transversal,21,20,140
14160,wm_rh_S_occipital_ant,61,20,180
14161,wm_rh_S_oc-temp_lat,221,140,20
14162,wm_rh_S_oc-temp_med_and_Lingual,141,100,220
14163,wm_rh_S_orbital_lateral,221,100,20
14164,wm_rh_S_orbital_med-olfact,181,200,20
14165,wm_rh_S_orbital-H_Shaped,101,20,20
14166,wm_rh_S_parieto_occipital,101,100,180
14167,wm_rh_S_pericallosal,181,220,20
14168,wm_rh_S_postcentral,21,140,200
14169,wm_rh_S_precentral-inf-part,21,20,240
14170,wm_rh_S_precentral-sup-part,21,20,200
14171,wm_rh_S_suborbital,21,20,60
14172,wm_rh_S_subparietal,101,60,60
14173,wm_rh_S_temporal_inf,21,180,180
14174,wm_rh_S_temporal_sup,223,220,60
14175,wm_rh_S_temporal_transverse,221,60,60
